Workbook

Sheet График
B1: Специальность | C1: ПД
B2: Начало уч. года | C2: 37873
B3: ="График учебного процесса в "&YEAR($C$2)&"/"&(YEAR($C$2)+1)&" уч. году" -> График учебного процесса в 2003/2004 уч. году
A4: Код | B4: Вид занятий | C4: Кол-во недель | D4: Начало | E4: Окончание
A5: 10 | B5: =VLOOKUP($A5,Выписки!$A$5:$E$14,2,FALSE) -> 1 семестр | C5: =INDEX(Выписки!$C$5:$E$14,MATCH($A5,Выписки!$A$5:$A$14,0),MATCH($C$1,Выписки!$C$4:$E$4,0)) -> 16 | D5: =IF(C5=0,"",$C$2-WEEKDAY($C$2,2)+1+7*SUM($C$4:C4)) -> 37872 | E5: =IF(C5=0,"",D5+7*C5-1) -> 37983
A6: 11 | B6: =VLOOKUP($A6,Выписки!$A$5:$E$14,2,FALSE) -> Зачетная неделя | C6: =INDEX(Выписки!$C$5:$E$14,MATCH($A6,Выписки!$A$5:$A$14,0),MATCH($C$1,Выписки!$C$4:$E$4,0)) -> 0 | D6: =IF(C6=0,"",$C$2-WEEKDAY($C$2,2)+1+7*SUM($C$4:C5)) | E6: =IF(C6=0,"",D6+7*C6-1)
A7: 12 | B7: =VLOOKUP($A7,Выписки!$A$5:$E$14,2,FALSE) -> Рожд. каникулы | C7: =INDEX(Выписки!$C$5:$E$14,MATCH($A7,Выписки!$A$5:$A$14,0),MATCH($C$1,Выписки!$C$4:$E$4,0)) -> 1 | D7: =IF(C7=0,"",$C$2-WEEKDAY($C$2,2)+1+7*SUM($C$4:C6)) -> 37984 | E7: =IF(C7=0,"",D7+7*C7-1) -> 37990
A8: 13 | B8: =VLOOKUP($A8,Выписки!$A$5:$E$14,2,FALSE) -> Зимняя сессия | C8: =INDEX(Выписки!$C$5:$E$14,MATCH($A8,Выписки!$A$5:$A$14,0),MATCH($C$1,Выписки!$C$4:$E$4,0)) -> 3 | D8: =IF(C8=0,"",$C$2-WEEKDAY($C$2,2)+1+7*SUM($C$4:C7)) -> 37991 | E8: =IF(C8=0,"",D8+7*C8-1) -> 38011
A9: 14 | B9: =VLOOKUP($A9,Выписки!$A$5:$E$14,2,FALSE) -> Зимние каникулы | C9: =INDEX(Выписки!$C$5:$E$14,MATCH($A9,Выписки!$A$5:$A$14,0),MATCH($C$1,Выписки!$C$4:$E$4,0)) -> 2 | D9: =IF(C9=0,"",$C$2-WEEKDAY($C$2,2)+1+7*SUM($C$4:C8)) -> 38012 | E9: =IF(C9=0,"",D9+7*C9-1) -> 38025
A10: 20 | B10: =VLOOKUP($A10,Выписки!$A$5:$E$14,2,FALSE) -> 2 семестр | C10: =INDEX(Выписки!$C$5:$E$14,MATCH($A10,Выписки!$A$5:$A$14,0),MATCH($C$1,Выписки!$C$4:$E$4,0)) -> 17 | D10: =IF(C10=0,"",$C$2-WEEKDAY($C$2,2)+1+7*SUM($C$4:C9)) -> 38026 | E10: =IF(C10=0,"",D10+7*C10-1) -> 38144
A11: 22 | B11: =VLOOKUP($A11,Выписки!$A$5:$E$14,2,FALSE) -> Зачетная неделя | C11: =INDEX(Выписки!$C$5:$E$14,MATCH($A11,Выписки!$A$5:$A$14,0),MATCH($C$1,Выписки!$C$4:$E$4,0)) -> 0 | D11: =IF(C11=0,"",$C$2-WEEKDAY($C$2,2)+1+7*SUM($C$4:C10)) | E11: =IF(C11=0,"",D11+7*C11-1)
A12: 23 | B12: =VLOOKUP($A12,Выписки!$A$5:$E$14,2,FALSE) -> Летняя сессия | C12: =INDEX(Выписки!$C$5:$E$14,MATCH($A12,Выписки!$A$5:$A$14,0),MATCH($C$1,Выписки!$C$4:$E$4,0)) -> 3 | D12: =IF(C12=0,"",$C$2-WEEKDAY($C$2,2)+1+7*SUM($C$4:C11)) -> 38145 | E12: =IF(C12=0,"",D12+7*C12-1) -> 38165
A13: 24 | B13: =VLOOKUP($A13,Выписки!$A$5:$E$14,2,FALSE) -> Практика | C13: =INDEX(Выписки!$C$5:$E$14,MATCH($A13,Выписки!$A$5:$A$14,0),MATCH($C$1,Выписки!$C$4:$E$4,0)) -> 3 | D13: =IF(C13=0,"",$C$2-WEEKDAY($C$2,2)+1+7*SUM($C$4:C12)) -> 38166 | E13: =IF(C13=0,"",D13+7*C13-1) -> 38186
A14: 25 | B14: =VLOOKUP($A14,Выписки!$A$5:$E$14,2,FALSE) -> Каникулы | C14: =INDEX(Выписки!$C$5:$E$14,MATCH($A14,Выписки!$A$5:$A$14,0),MATCH($C$1,Выписки!$C$4:$E$4,0)) -> 7 | D14: =IF(C14=0,"",$C$2-WEEKDAY($C$2,2)+1+7*SUM($C$4:C13)) -> 38187 | E14: =IF(C14=0,"",D14+7*C14-1) -> 38235
A16: Жёлтые ячейки C1 и C2 можно изменять. Остальные значения рассчитываются формулами.
A17: Первая неделя начинается с понедельника той недели, в которую попадает дата C2. При 09.09.2003 получается 08.09.2003, как на рисунке 57.
A18: Если количество недель равно 0, начало и окончание остаются пустыми. Следующий этап начинается сразу после предыдущего непустого этапа.

Sheet Выписки
A1: Выписки из учебного плана
A2: Количество недель на разные виды занятий
C3: Специальность
A4: Код | B4: Вид занятий | C4: ПД | D4: МОПК | E4: ПМ
A5: 10 | B5: 1 семестр | C5: 16 | D5: 16 | E5: 15
A6: 11 | B6: Зачетная неделя | C6: 0 | D6: 0 | E6: 1
A7: 12 | B7: Рожд. каникулы | C7: 1 | D7: 1 | E7: 1
A8: 13 | B8: Зимняя сессия | C8: 3 | D8: 3 | E8: 3
A9: 14 | B9: Зимние каникулы | C9: 2 | D9: 2 | E9: 2
A10: 20 | B10: 2 семестр | C10: 17 | D10: 17 | E10: 15
A11: 22 | B11: Зачетная неделя | C11: 0 | D11: 0 | E11: 1
A12: 23 | B12: Летняя сессия | C12: 3 | D12: 3 | E12: 4
A13: 24 | B13: Практика | C13: 3 | D13: 0 | E13: 0
A14: 25 | B14: Каникулы | C14: 7 | D14: 10 | E14: 10
A16: Источник: | B16: Данные перенесены с рисунков 57–59, приложенных пользователем.

Sheet Протокол
A1: Начало тестирования: | C1: 0.5625
A2: Нормативное время одной задачи, мин | C2: 20
A3: Протокол сдачи решения задач
A4: Тестируемый | B4: Номер задачи | C4: Время сдачи решения | D4: Время выполнения задачи, мин | E4: Отклонение от нормативного времени, мин
A5: Иванов А. | B5: 1 | C5: 0.575 | D5: =ROUND((C5-$C$1)*1440-SUMIF($A$4:A4,A5,$D$4:D4),0) -> 18 | E5: =$C$2-D5 -> 2
A6: Петров Н. | B6: 1 | C6: 0.57569444 | D6: =ROUND((C6-$C$1)*1440-SUMIF($A$4:A5,A6,$D$4:D5),0) -> 19 | E6: =$C$2-D6 -> 1
A7: Максимов И. | B7: 1 | C7: 0.57708333 | D7: =ROUND((C7-$C$1)*1440-SUMIF($A$4:A6,A7,$D$4:D6),0) -> 21 | E7: =$C$2-D7 -> -1
A8: Петров Н. | B8: 2 | C8: 0.58888889 | D8: =ROUND((C8-$C$1)*1440-SUMIF($A$4:A7,A8,$D$4:D7),0) -> 19 | E8: =$C$2-D8 -> 1
A9: Иванов А. | B9: 2 | C9: 0.58958333 | D9: =ROUND((C9-$C$1)*1440-SUMIF($A$4:A8,A9,$D$4:D8),0) -> 21 | E9: =$C$2-D9 -> -1
A10: Максимов И. | B10: 2 | C10: 0.59097222 | D10: =ROUND((C10-$C$1)*1440-SUMIF($A$4:A9,A10,$D$4:D9),0) -> 20 | E10: =$C$2-D10 -> 0
A11: Иванов А. | B11: 3 | C11: 0.60069444 | D11: =ROUND((C11-$C$1)*1440-SUMIF($A$4:A10,A11,$D$4:D10),0) -> 16 | E11: =$C$2-D11 -> 4
A12: Петров Н. | B12: 3 | C12: 0.60347222 | D12: =ROUND((C12-$C$1)*1440-SUMIF($A$4:A11,A12,$D$4:D11),0) -> 21 | E12: =$C$2-D12 -> -1
A13: Максимов И. | B13: 3 | C13: 0.60416667 | D13: =ROUND((C13-$C$1)*1440-SUMIF($A$4:A12,A13,$D$4:D12),0) -> 19 | E13: =$C$2-D13 -> 1
A15: Положительное отклонение — задача решена быстрее норматива; отрицательное — медленнее.
A16: Для каждого студента задачи выполняются последовательно, без перерывов: первая начинается в C1, следующая — после сдачи предыдущей. Этот порядок соответствует рисунку 59.

Sheet Итоги
A1: Время выполнения теста по студентам
A3: Студент | B3: Решено задач | C3: Всего времени, мин | D3: Время в часах и минутах | E3: Отклонение от общего норматива, мин
A4: Иванов А. | B4: =COUNTIF(Протокол!$A$5:$A$13,A4) -> 3 | C4: =SUMIF(Протокол!$A$5:$A$13,A4,Протокол!$D$5:$D$13) -> 55 | D4: =C4/1440 -> 0.038194444 | E4: =B4*Протокол!$C$2-C4 -> 5
A5: Петров Н. | B5: =COUNTIF(Протокол!$A$5:$A$13,A5) -> 3 | C5: =SUMIF(Протокол!$A$5:$A$13,A5,Протокол!$D$5:$D$13) -> 59 | D5: =C5/1440 -> 0.040972222 | E5: =B5*Протокол!$C$2-C5 -> 1
A6: Максимов И. | B6: =COUNTIF(Протокол!$A$5:$A$13,A6) -> 3 | C6: =SUMIF(Протокол!$A$5:$A$13,A6,Протокол!$D$5:$D$13) -> 60 | D6: =C6/1440 -> 0.041666667 | E6: =B6*Протокол!$C$2-C6 -> 0
A8: Итоговое время каждого студента — сумма времени выполнения его задач. Норматив для трёх задач при C2 = 20 составляет 60 минут.

Sheet Пояснения
A1: Решение заданий 2 и 3: формулы и пояснения
A2: Формулы ниже записаны для русской версии Excel. Внутри файла они хранятся в стандартной английской записи.
A3: Где вводить | B3: Назначение | C3: Формула / пояснение
A4: График!B5 | B4: Название вида занятий | C4: =ВПР($A5;Выписки!$A$5:$E$14;2;ЛОЖЬ)
A5: График!C5 | B5: Количество недель по специальности | C5: =ИНДЕКС(Выписки!$C$5:$E$14;ПОИСКПОЗ($A5;Выписки!$A$5:$A$14;0);ПОИСКПОЗ($C$1;Выписки!$C$4:$E$4;0))
A6: График!D5 | B6: Начало очередного этапа | C6: =ЕСЛИ(C5=0;"";$C$2-ДЕНЬНЕД($C$2;2)+1+7*СУММ($C$4:C4))
A7: График!E5 | B7: Последний день этапа | C7: =ЕСЛИ(C5=0;"";D5+7*C5-1)
A8: График | B8: Копирование | C8: Скопировать B5:E5 вниз до строки 14. Знаки $ сохраняют адреса исходных данных; номера текущих строк меняются автоматически.
A9: Протокол!D5 | B9: Время решения текущей задачи | C9: =ОКРУГЛ((C5-$C$1)*1440-СУММЕСЛИ($A$4:A4;A5;$D$4:D4);0)
A10: Протокол!E5 | B10: Отклонение от норматива | C10: =$C$2-D5
A11: Протокол | B11: Копирование | C11: Скопировать D5:E5 вниз до строки 13. Диапазоны A4:A4 и D4:D4 в первой строке содержат только заголовки; СУММЕСЛИ возвращает 0.
A12: Протокол!D5 | B12: Почему работает формула | C12: Разность C5−C1 — всё время от начала теста до текущей сдачи. Умножение на 1440 переводит долю суток в минуты. Затем вычитается уже затраченное этим же студентом время. Округление убирает погрешность хранения времени.
A13: Итоги!C4 | B13: Общее время студента | C13: =СУММЕСЛИ(Протокол!$A$5:$A$13;A4;Протокол!$D$5:$D$13)
A14: Результат | B14: Суммарное время | C14: Иванов А. — 55 мин; Петров Н. — 59 мин; Максимов И. — 60 мин. Эти значения рассчитываются на листе «Итоги».
... A18: Редактирование | B18: Какие значения менять | C18: На листе «График» — C1 (специальность) и C2 (дата). На листе «Выписки» — C5:E14 (недели). На листе «Протокол» — C1 (начало), C2 (норматив) и A5:C13 (записи, по времени сдачи). Формулы оставлять без изменения.
